season,position,team,games_played,wins,draw,losses,goals_for,goals_against,goal_difference,points,season_outcome,cleaned_season_outcome,win_percentage,loss_percentage,draw_percentage,goals_per_game,goals_conceded_per_game,points_per_game
2000-01,1,Manchester United,38,24,8,6,79,31,48,80,Qualification for the Champions League first group stage,Qualification for Champions League,63.16,15.79,21.05,2.08,0.82,2.11
2000-01,2,Arsenal,38,20,10,8,63,38,25,70,Qualification for the Champions League first group stage,Qualification for Champions League,52.63,21.05,26.32,1.66,1.0,1.84
2000-01,3,Liverpool,38,20,9,9,71,39,32,69,Qualification for the Champions League third qualifying round[a],Qualification for Champions League,52.63,23.68,23.68,1.87,1.03,1.82
2000-01,4,Leeds United,38,20,8,10,64,43,21,68,Qualification for the UEFA Cup first round[a],Qualification for Europa League,52.63,26.32,21.05,1.68,1.13,1.79
2000-01,5,Ipswich Town,38,20,6,12,57,42,15,66,Qualification for the UEFA Cup first round[a],Qualification for Europa League,52.63,31.58,15.79,1.5,1.11,1.74
2000-01,6,Chelsea,38,17,10,11,68,45,23,61,Qualification for the UEFA Cup first round[a],Qualification for Europa League,44.74,28.95,26.32,1.79,1.18,1.61
2000-01,7,Sunderland,38,15,12,11,46,41,5,57,Not Applicable,Not Applicable,39.47,28.95,31.58,1.21,1.08,1.5
2000-01,8,Aston Villa,38,13,15,10,46,43,3,54,Qualification for the Intertoto Cup third round,Qualification for Intertoto Cup,34.21,26.32,39.47,1.21,1.13,1.42
2000-01,9,Charlton Athletic,38,14,10,14,50,57,-7,52,Not Applicable,Not Applicable,36.84,36.84,26.32,1.32,1.5,1.37
2000-01,10,Southampton,38,14,10,14,40,48,-8,52,Not Applicable,Not Applicable,36.84,36.84,26.32,1.05,1.26,1.37
2000-01,11,Newcastle United,38,14,9,15,44,50,-6,51,Qualification for the Intertoto Cup third round,Qualification for Intertoto Cup,36.84,39.47,23.68,1.16,1.32,1.34
2000-01,12,Tottenham Hotspur,38,13,10,15,47,54,-7,49,Not Applicable,Not Applicable,34.21,39.47,26.32,1.24,1.42,1.29
2000-01,13,Leicester City,38,14,6,18,39,51,-12,48,Not Applicable,Not Applicable,36.84,47.37,15.79,1.03,1.34,1.26
2000-01,14,Middlesbrough,38,9,15,14,44,44,0,42,Not Applicable,Not Applicable,23.68,36.84,39.47,1.16,1.16,1.11
2000-01,15,West Ham United,38,10,12,16,45,50,-5,42,Not Applicable,Not Applicable,26.32,42.11,31.58,1.18,1.32,1.11
2000-01,16,Everton,38,11,9,18,45,59,-14,42,Not Applicable,Not Applicable,28.95,47.37,23.68,1.18,1.55,1.11
2000-01,17,Derby County,38,10,12,16,37,59,-22,42,Not Applicable,Not Applicable,26.32,42.11,31.58,0.97,1.55,1.11
2000-01,18,Manchester City,38,8,10,20,41,65,-24,34,Relegation to the Football League First Division,Relegation,21.05,52.63,26.32,1.08,1.71,0.89
2000-01,19,Coventry City,38,8,10,20,36,63,-27,34,Relegation to the Football League First Division,Relegation,21.05,52.63,26.32,0.95,1.66,0.89
2000-01,20,Bradford City,38,5,11,22,30,70,-40,26,Relegation to the Football League First Division,Relegation,13.16,57.89,28.95,0.79,1.84,0.68
2001-02,1,Arsenal,38,26,9,3,79,36,43,87,Qualification for the Champions League first group stage,Qualification for Champions League,68.42,7.89,23.68,2.08,0.95,2.29
2001-02,2,Liverpool,38,24,8,6,67,30,37,80,Qualification for the Champions League first group stage,Qualification for Champions League,63.16,15.79,21.05,1.76,0.79,2.11
2001-02,3,Manchester United,38,24,5,9,87,45,42,77,Qualification for the Champions League third qualifying round,Qualification for Champions League,63.16,23.68,13.16,2.29,1.18,2.03
2001-02,4,Newcastle United,38,21,8,9,74,52,22,71,Qualification for the Champions League third qualifying round,Qualification for Champions League,55.26,23.68,21.05,1.95,1.37,1.87
2001-02,5,Leeds United,38,18,12,8,53,37,16,66,Qualification for the UEFA Cup first round[b],Qualification for Europa League,47.37,21.05,31.58,1.39,0.97,1.74
2001-02,6,Chelsea,38,17,13,8,66,38,28,64,Qualification for the UEFA Cup first round[b],Qualification for Europa League,44.74,21.05,34.21,1.74,1.0,1.68
2001-02,7,West Ham United,38,15,8,15,48,57,-9,53,Not Applicable,Not Applicable,39.47,39.47,21.05,1.26,1.5,1.39
2001-02,8,Aston Villa,38,12,14,12,46,47,-1,50,Qualification for the Intertoto Cup third round,Qualification for Intertoto Cup,31.58,31.58,36.84,1.21,1.24,1.32
2001-02,9,Tottenham Hotspur,38,14,8,16,49,53,-4,50,Not Applicable,Not Applicable,36.84,42.11,21.05,1.29,1.39,1.32
2001-02,10,Blackburn Rovers,38,12,10,16,55,51,4,46,Qualification for the UEFA Cup first round[c],Qualification for Europa League,31.58,42.11,26.32,1.45,1.34,1.21
2001-02,11,Southampton,38,12,9,17,46,54,-8,45,Not Applicable,Not Applicable,31.58,44.74,23.68,1.21,1.42,1.18
2001-02,12,Middlesbrough,38,12,9,17,35,47,-12,45,Not Applicable,Not Applicable,31.58,44.74,23.68,0.92,1.24,1.18
2001-02,13,Fulham,38,10,14,14,36,44,-8,44,Qualification for the Intertoto Cup second round,Qualification for Intertoto Cup,26.32,36.84,36.84,0.95,1.16,1.16
2001-02,14,Charlton Athletic,38,10,14,14,38,49,-11,44,Not Applicable,Not Applicable,26.32,36.84,36.84,1.0,1.29,1.16
2001-02,15,Everton,38,11,10,17,45,57,-12,43,Not Applicable,Not Applicable,28.95,44.74,26.32,1.18,1.5,1.13
2001-02,16,Bolton Wanderers,38,9,13,16,44,62,-18,40,Not Applicable,Not Applicable,23.68,42.11,34.21,1.16,1.63,1.05
2001-02,17,Sunderland,38,10,10,18,29,51,-22,40,Not Applicable,Not Applicable,26.32,47.37,26.32,0.76,1.34,1.05
2001-02,18,Ipswich Town,38,9,9,20,41,64,-23,36,Qualification for the UEFA Cup qualifying round[a]Relegation to the Football League First Division,Relegation,23.68,52.63,23.68,1.08,1.68,0.95
2001-02,19,Derby County,38,8,6,24,33,63,-30,30,Relegation to the Football League First Division,Relegation,21.05,63.16,15.79,0.87,1.66,0.79
2001-02,20,Leicester City,38,5,13,20,30,64,-34,28,Relegation to the Football League First Division,Relegation,13.16,52.63,34.21,0.79,1.68,0.74
2002-03,1,Manchester United,38,25,8,5,74,34,40,83,Qualification for the Champions League group stage,Qualification for Champions League,65.79,13.16,21.05,1.95,0.89,2.18
2002-03,2,Arsenal,38,23,9,6,85,42,43,78,Qualification for the Champions League group stage,Qualification for Champions League,60.53,15.79,23.68,2.24,1.11,2.05
2002-03,3,Newcastle United,38,21,6,11,63,48,15,69,Qualification for the Champions League third qualifying round,Qualification for Champions League,55.26,28.95,15.79,1.66,1.26,1.82
2002-03,4,Chelsea,38,19,10,9,68,38,30,67,Qualification for the Champions League third qualifying round,Qualification for Champions League,50.0,23.68,26.32,1.79,1.0,1.76
2002-03,5,Liverpool,38,18,10,10,61,41,20,64,Qualification for the UEFA Cup first round[a],Qualification for Europa League,47.37,26.32,26.32,1.61,1.08,1.68
2002-03,6,Blackburn Rovers,38,16,12,10,52,43,9,60,Qualification for the UEFA Cup first round[a],Qualification for Europa League,42.11,26.32,31.58,1.37,1.13,1.58
2002-03,7,Everton,38,17,8,13,48,49,-1,59,Not Applicable,Not Applicable,44.74,34.21,21.05,1.26,1.29,1.55
2002-03,8,Southampton,38,13,13,12,43,46,-3,52,Qualification for the UEFA Cup first round[b],Qualification for Europa League,34.21,31.58,34.21,1.13,1.21,1.37
2002-03,9,Manchester City,38,15,6,17,47,54,-7,51,Qualification for the UEFA Cup qualifying round[c],Qualification for Europa League (UEFA Cup),39.47,44.74,15.79,1.24,1.42,1.34
2002-03,10,Tottenham Hotspur,38,14,8,16,51,62,-11,50,Not Applicable,Not Applicable,36.84,42.11,21.05,1.34,1.63,1.32
2002-03,11,Middlesbrough,38,13,10,15,48,44,4,49,Not Applicable,Not Applicable,34.21,39.47,26.32,1.26,1.16,1.29
2002-03,12,Charlton Athletic,38,14,7,17,45,56,-11,49,Not Applicable,Not Applicable,36.84,44.74,18.42,1.18,1.47,1.29
2002-03,13,Birmingham City,38,13,9,16,41,49,-8,48,Not Applicable,Not Applicable,34.21,42.11,23.68,1.08,1.29,1.26
2002-03,14,Fulham,38,13,9,16,41,50,-9,48,Not Applicable,Not Applicable,34.21,42.11,23.68,1.08,1.32,1.26
2002-03,15,Leeds United,38,14,5,19,58,57,1,47,Not Applicable,Not Applicable,36.84,50.0,13.16,1.53,1.5,1.24
2002-03,16,Aston Villa,38,12,9,17,42,47,-5,45,Not Applicable,Not Applicable,31.58,44.74,23.68,1.11,1.24,1.18
2002-03,17,Bolton Wanderers,38,10,14,14,41,51,-10,44,Not Applicable,Not Applicable,26.32,36.84,36.84,1.08,1.34,1.16
2002-03,18,West Ham United,38,10,12,16,42,59,-17,42,Relegation to Football League First Division,Relegation,26.32,42.11,31.58,1.11,1.55,1.11
2002-03,19,West Bromwich Albion,38,6,8,24,29,65,-36,26,Relegation to Football League First Division,Relegation,15.79,63.16,21.05,0.76,1.71,0.68
2002-03,20,Sunderland,38,4,7,27,21,65,-44,19,Relegation to Football League First Division,Relegation,10.53,71.05,18.42,0.55,1.71,0.5
2003-04,1,Arsenal,38,26,12,0,73,26,47,90,Qualification for the Champions League group stage,Qualification for Champions League,68.42,0.0,31.58,1.92,0.68,2.37
2003-04,2,Chelsea,38,24,7,7,67,30,37,79,Qualification for the Champions League group stage,Qualification for Champions League,63.16,18.42,18.42,1.76,0.79,2.08
2003-04,3,Manchester United,38,23,6,9,64,35,29,75,Qualification for the Champions League third qualifying round[a],Qualification for Champions League,60.53,23.68,15.79,1.68,0.92,1.97
2003-04,4,Liverpool,38,16,12,10,55,37,18,60,Qualification for the Champions League third qualifying round[a],Qualification for Champions League,42.11,26.32,31.58,1.45,0.97,1.58
2003-04,5,Newcastle United,38,13,17,8,52,40,12,56,Qualification for the UEFA Cup first round,Qualification for Europa League,34.21,21.05,44.74,1.37,1.05,1.47
2003-04,6,Aston Villa,38,15,11,12,48,44,4,56,Not Applicable,Not Applicable,39.47,31.58,28.95,1.26,1.16,1.47
2003-04,7,Charlton Athletic,38,14,11,13,51,51,0,53,Not Applicable,Not Applicable,36.84,34.21,28.95,1.34,1.34,1.39
2003-04,8,Bolton Wanderers,38,14,11,13,48,56,-8,53,Not Applicable,Not Applicable,36.84,34.21,28.95,1.26,1.47,1.39
2003-04,9,Fulham,38,14,10,14,52,46,6,52,Not Applicable,Not Applicable,36.84,36.84,26.32,1.37,1.21,1.37
2003-04,10,Birmingham City,38,12,14,12,43,48,-5,50,Not Applicable,Not Applicable,31.58,31.58,36.84,1.13,1.26,1.32
2003-04,11,Middlesbrough,38,13,9,16,44,52,-8,48,Qualification for the UEFA Cup first round[b],Qualification for Europa League,34.21,42.11,23.68,1.16,1.37,1.26
2003-04,12,Southampton,38,12,11,15,44,45,-1,47,Not Applicable,Not Applicable,31.58,39.47,28.95,1.16,1.18,1.24
2003-04,13,Portsmouth,38,12,9,17,47,54,-7,45,Not Applicable,Not Applicable,31.58,44.74,23.68,1.24,1.42,1.18
2003-04,14,Tottenham Hotspur,38,13,6,19,47,57,-10,45,Not Applicable,Not Applicable,34.21,50.0,15.79,1.24,1.5,1.18
2003-04,15,Blackburn Rovers,38,12,8,18,51,59,-8,44,Not Applicable,Not Applicable,31.58,47.37,21.05,1.34,1.55,1.16
2003-04,16,Manchester City,38,9,14,15,55,54,1,41,Not Applicable,Not Applicable,23.68,39.47,36.84,1.45,1.42,1.08
2003-04,17,Everton,38,9,12,17,45,57,-12,39,Not Applicable,Not Applicable,23.68,44.74,31.58,1.18,1.5,1.03
2003-04,18,Leicester City,38,6,15,17,48,65,-17,33,Relegation to the Football League Championship,Relegation,15.79,44.74,39.47,1.26,1.71,0.87
2003-04,19,Leeds United,38,8,9,21,40,79,-39,33,Relegation to the Football League Championship,Relegation,21.05,55.26,23.68,1.05,2.08,0.87
2003-04,20,Wolverhampton Wanderers,38,7,12,19,38,77,-39,33,Relegation to the Football League Championship,Relegation,18.42,50.0,31.58,1.0,2.03,0.87
2004-05,1,Chelsea,38,29,8,1,72,15,57,95,Qualification for the Champions League group stage,Qualification for Champions League,76.32,2.63,21.05,1.89,0.39,2.5
2004-05,2,Arsenal,38,25,8,5,87,36,51,83,Qualification for the Champions League group stage,Qualification for Champions League,65.79,13.16,21.05,2.29,0.95,2.18
2004-05,3,Manchester United,38,22,11,5,58,26,32,77,Qualification for the Champions League third qualifying round,Qualification for Champions League,57.89,13.16,28.95,1.53,0.68,2.03
2004-05,4,Everton,38,18,7,13,45,46,-1,61,Qualification for the Champions League third qualifying round,Qualification for Champions League,47.37,34.21,18.42,1.18,1.21,1.61
2004-05,5,Liverpool,38,17,7,14,52,41,11,58,Qualification for the Champions League first qualifying round[a],Qualification for Champions League,44.74,36.84,18.42,1.37,1.08,1.53
2004-05,6,Bolton Wanderers,38,16,10,12,49,44,5,58,Qualification for the UEFA Cup first round[b],Qualification for Europa League,42.11,31.58,26.32,1.29,1.16,1.53
2004-05,7,Middlesbrough,38,14,13,11,53,46,7,55,Qualification for the UEFA Cup first round[b],Qualification for Europa League,36.84,28.95,34.21,1.39,1.21,1.45
2004-05,8,Manchester City,38,13,13,12,47,39,8,52,Not Applicable,Not Applicable,34.21,31.58,34.21,1.24,1.03,1.37
2004-05,9,Tottenham Hotspur,38,14,10,14,47,41,6,52,Not Applicable,Not Applicable,36.84,36.84,26.32,1.24,1.08,1.37
2004-05,10,Aston Villa,38,12,11,15,45,52,-7,47,Not Applicable,Not Applicable,31.58,39.47,28.95,1.18,1.37,1.24
2004-05,11,Charlton Athletic,38,12,10,16,42,58,-16,46,Not Applicable,Not Applicable,31.58,42.11,26.32,1.11,1.53,1.21
2004-05,12,Birmingham City,38,11,12,15,40,46,-6,45,Not Applicable,Not Applicable,28.95,39.47,31.58,1.05,1.21,1.18
2004-05,13,Fulham,38,12,8,18,52,60,-8,44,Not Applicable,Not Applicable,31.58,47.37,21.05,1.37,1.58,1.16
2004-05,14,Newcastle United,38,10,14,14,47,57,-10,44,Qualification for the Intertoto Cup third round,Qualification for Intertoto Cup,26.32,36.84,36.84,1.24,1.5,1.16
2004-05,15,Blackburn Rovers,38,9,15,14,32,43,-11,42,Not Applicable,Not Applicable,23.68,36.84,39.47,0.84,1.13,1.11
2004-05,16,Portsmouth,38,10,9,19,43,59,-16,39,Not Applicable,Not Applicable,26.32,50.0,23.68,1.13,1.55,1.03
2004-05,17,West Bromwich Albion,38,6,16,16,36,61,-25,34,Not Applicable,Not Applicable,15.79,42.11,42.11,0.95,1.61,0.89
2004-05,18,Crystal Palace,38,7,12,19,41,62,-21,33,Relegation to the Football League Championship,Relegation,18.42,50.0,31.58,1.08,1.63,0.87
2004-05,19,Norwich City,38,7,12,19,42,77,-35,33,Relegation to the Football League Championship,Relegation,18.42,50.0,31.58,1.11,2.03,0.87
2004-05,20,Southampton,38,6,14,18,45,66,-21,32,Relegation to the Football League Championship,Relegation,15.79,47.37,36.84,1.18,1.74,0.84
2005-06,1,Chelsea,38,29,4,5,72,22,50,91,Qualification for the Champions League group stage[a],Qualification for Champions League,76.32,13.16,10.53,1.89,0.58,2.39
2005-06,2,Manchester United,38,25,8,5,72,34,38,83,Qualification for the Champions League group stage[a],Qualification for Champions League,65.79,13.16,21.05,1.89,0.89,2.18
2005-06,3,Liverpool,38,25,7,6,57,25,32,82,Qualification for the Champions League third qualifying round,Qualification for Champions League,65.79,15.79,18.42,1.5,0.66,2.16
2005-06,4,Arsenal,38,20,7,11,68,31,37,67,Qualification for the Champions League third qualifying round,Qualification for Champions League,52.63,28.95,18.42,1.79,0.82,1.76
2005-06,5,Tottenham Hotspur,38,18,11,9,53,38,15,65,Qualification for the UEFA Cup first round,Qualification for Europa League,47.37,23.68,28.95,1.39,1.0,1.71
2005-06,6,Blackburn Rovers,38,19,6,13,51,42,9,63,Qualification for the UEFA Cup first round,Qualification for Europa League,50.0,34.21,15.79,1.34,1.11,1.66
2005-06,7,Newcastle United,38,17,7,14,47,42,5,58,Qualification for the Intertoto Cup third round,Qualification for Intertoto Cup,44.74,36.84,18.42,1.24,1.11,1.53
2005-06,8,Bolton Wanderers,38,15,11,12,49,41,8,56,Not Applicable,Not Applicable,39.47,31.58,28.95,1.29,1.08,1.47
2005-06,9,West Ham United,38,16,7,15,52,55,-3,55,Qualification for the UEFA Cup first round[b],Qualification for Europa League,42.11,39.47,18.42,1.37,1.45,1.45
2005-06,10,Wigan Athletic,38,15,6,17,45,52,-7,51,Not Applicable,Not Applicable,39.47,44.74,15.79,1.18,1.37,1.34
2005-06,11,Everton,38,14,8,16,34,49,-15,50,Not Applicable,Not Applicable,36.84,42.11,21.05,0.89,1.29,1.32
2005-06,12,Fulham,38,14,6,18,48,58,-10,48,Not Applicable,Not Applicable,36.84,47.37,15.79,1.26,1.53,1.26
2005-06,13,Charlton Athletic,38,13,8,17,41,55,-14,47,Not Applicable,Not Applicable,34.21,44.74,21.05,1.08,1.45,1.24
2005-06,14,Middlesbrough,38,12,9,17,48,58,-10,45,Not Applicable,Not Applicable,31.58,44.74,23.68,1.26,1.53,1.18
2005-06,15,Manchester City,38,13,4,21,43,48,-5,43,Not Applicable,Not Applicable,34.21,55.26,10.53,1.13,1.26,1.13
2005-06,16,Aston Villa,38,10,12,16,42,55,-13,42,Not Applicable,Not Applicable,26.32,42.11,31.58,1.11,1.45,1.11
2005-06,17,Portsmouth,38,10,8,20,37,62,-25,38,Not Applicable,Not Applicable,26.32,52.63,21.05,0.97,1.63,1.0
2005-06,18,Birmingham City,38,8,10,20,28,50,-22,34,Relegation to the Football League Championship,Relegation,21.05,52.63,26.32,0.74,1.32,0.89
2005-06,19,West Bromwich Albion,38,7,9,22,31,58,-27,30,Relegation to the Football League Championship,Relegation,18.42,57.89,23.68,0.82,1.53,0.79
2005-06,20,Sunderland,38,3,6,29,26,69,-43,15,Relegation to the Football League Championship,Relegation,7.89,76.32,15.79,0.68,1.82,0.39
2006-07,1,Manchester United,38,28,5,5,83,27,56,89,Qualification for the Champions League group stage,Qualification for Champions League,73.68,13.16,13.16,2.18,0.71,2.34
2006-07,2,Chelsea,38,24,11,3,64,24,40,83,Qualification for the Champions League group stage,Qualification for Champions League,63.16,7.89,28.95,1.68,0.63,2.18
2006-07,3,Liverpool,38,20,8,10,57,27,30,68,Qualification for the Champions League third qualifying round,Qualification for Champions League,52.63,26.32,21.05,1.5,0.71,1.79
2006-07,4,Arsenal,38,19,11,8,63,35,28,68,Qualification for the Champions League third qualifying round,Qualification for Champions League,50.0,21.05,28.95,1.66,0.92,1.79
2006-07,5,Tottenham Hotspur,38,17,9,12,57,54,3,60,Qualification for the UEFA Cup first round[a],Qualification for Europa League,44.74,31.58,23.68,1.5,1.42,1.58
2006-07,6,Everton,38,15,13,10,52,36,16,58,Qualification for the UEFA Cup first round[a],Qualification for Europa League,39.47,26.32,34.21,1.37,0.95,1.53
2006-07,7,Bolton Wanderers,38,16,8,14,47,52,-5,56,Qualification for the UEFA Cup first round[a],Qualification for Europa League,42.11,36.84,21.05,1.24,1.37,1.47
2006-07,8,Reading,38,16,7,15,52,47,5,55,Not Applicable,Not Applicable,42.11,39.47,18.42,1.37,1.24,1.45
2006-07,9,Portsmouth,38,14,12,12,45,42,3,54,Not Applicable,Not Applicable,36.84,31.58,31.58,1.18,1.11,1.42
2006-07,10,Blackburn Rovers,38,15,7,16,52,54,-2,52,Qualification for the Intertoto Cup third round[b],Qualification for Intertoto Cup,39.47,42.11,18.42,1.37,1.42,1.37
2006-07,11,Aston Villa,38,11,17,10,43,41,2,50,Not Applicable,Not Applicable,28.95,26.32,44.74,1.13,1.08,1.32
2006-07,12,Middlesbrough,38,12,10,16,44,49,-5,46,Not Applicable,Not Applicable,31.58,42.11,26.32,1.16,1.29,1.21
2006-07,13,Newcastle United,38,11,10,17,38,47,-9,43,Not Applicable,Not Applicable,28.95,44.74,26.32,1.0,1.24,1.13
2006-07,14,Manchester City,38,11,9,18,29,44,-15,42,Not Applicable,Not Applicable,28.95,47.37,23.68,0.76,1.16,1.11
2006-07,15,West Ham United,38,12,5,21,35,59,-24,41,Not Applicable,Not Applicable,31.58,55.26,13.16,0.92,1.55,1.08
2006-07,16,Fulham,38,8,15,15,38,60,-22,39,Not Applicable,Not Applicable,21.05,39.47,39.47,1.0,1.58,1.03
2006-07,17,Wigan Athletic,38,10,8,20,37,59,-22,38,Not Applicable,Not Applicable,26.32,52.63,21.05,0.97,1.55,1.0
2006-07,18,Sheffield United,38,10,8,20,32,55,-23,38,Relegation to the Football League Championship,Relegation,26.32,52.63,21.05,0.84,1.45,1.0
2006-07,19,Charlton Athletic,38,8,10,20,34,60,-26,34,Relegation to the Football League Championship,Relegation,21.05,52.63,26.32,0.89,1.58,0.89
2006-07,20,Watford,38,5,13,20,29,59,-30,28,Relegation to the Football League Championship,Relegation,13.16,52.63,34.21,0.76,1.55,0.74
2007-08,1,Manchester United,38,27,6,5,80,22,58,87,Qualification for the Champions League group stage,Qualification for Champions League,71.05,13.16,15.79,2.11,0.58,2.29
2007-08,2,Chelsea,38,25,10,3,65,26,39,85,Qualification for the Champions League group stage,Qualification for Champions League,65.79,7.89,26.32,1.71,0.68,2.24
2007-08,3,Arsenal,38,24,11,3,74,31,43,83,Qualification for the Champions League third qualifying round,Qualification for Champions League,63.16,7.89,28.95,1.95,0.82,2.18
2007-08,4,Liverpool,38,21,13,4,67,28,39,76,Qualification for the Champions League third qualifying round,Qualification for Champions League,55.26,10.53,34.21,1.76,0.74,2.0
2007-08,5,Everton,38,19,8,11,55,33,22,65,Qualification for the UEFA Cup first round,Qualification for Europa League,50.0,28.95,21.05,1.45,0.87,1.71
2007-08,6,Aston Villa,38,16,12,10,71,51,20,60,Qualification for the Intertoto Cup third round,Qualification for Intertoto Cup,42.11,26.32,31.58,1.87,1.34,1.58
2007-08,7,Blackburn Rovers,38,15,13,10,50,48,2,58,Not Applicable,Not Applicable,39.47,26.32,34.21,1.32,1.26,1.53
2007-08,8,Portsmouth,38,16,9,13,48,40,8,57,Qualification for the UEFA Cup first round[a],Qualification for Europa League,42.11,34.21,23.68,1.26,1.05,1.5
2007-08,9,Manchester City,38,15,10,13,45,53,-8,55,Qualification for the UEFA Cup first qualifying round[b],Qualification for Europa League (UEFA Cup),39.47,34.21,26.32,1.18,1.39,1.45
2007-08,10,West Ham United,38,13,10,15,42,50,-8,49,Not Applicable,Not Applicable,34.21,39.47,26.32,1.11,1.32,1.29
2007-08,11,Tottenham Hotspur,38,11,13,14,66,61,5,46,Qualification for the UEFA Cup first round[c],Qualification for Europa League,28.95,36.84,34.21,1.74,1.61,1.21
2007-08,12,Newcastle United,38,11,10,17,45,65,-20,43,Not Applicable,Not Applicable,28.95,44.74,26.32,1.18,1.71,1.13
2007-08,13,Middlesbrough,38,10,12,16,43,53,-10,42,Not Applicable,Not Applicable,26.32,42.11,31.58,1.13,1.39,1.11
2007-08,14,Wigan Athletic,38,10,10,18,34,51,-17,40,Not Applicable,Not Applicable,26.32,47.37,26.32,0.89,1.34,1.05
2007-08,15,Sunderland,38,11,6,21,36,59,-23,39,Not Applicable,Not Applicable,28.95,55.26,15.79,0.95,1.55,1.03
2007-08,16,Bolton Wanderers,38,9,10,19,36,54,-18,37,Not Applicable,Not Applicable,23.68,50.0,26.32,0.95,1.42,0.97
2007-08,17,Fulham,38,8,12,18,38,60,-22,36,Not Applicable,Not Applicable,21.05,47.37,31.58,1.0,1.58,0.95
2007-08,18,Reading,38,10,6,22,41,66,-25,36,Relegation to the Football League Championship,Relegation,26.32,57.89,15.79,1.08,1.74,0.95
2007-08,19,Birmingham City,38,8,11,19,46,62,-16,35,Relegation to the Football League Championship,Relegation,21.05,50.0,28.95,1.21,1.63,0.92
2007-08,20,Derby County,38,1,8,29,20,89,-69,11,Relegation to the Football League Championship,Relegation,2.63,76.32,21.05,0.53,2.34,0.29
2008-09,1,Manchester United,38,28,6,4,68,24,44,90,Qualification for the Champions League group stage[a],Qualification for Champions League,73.68,10.53,15.79,1.79,0.63,2.37
2008-09,2,Liverpool,38,25,11,2,77,27,50,86,Qualification for the Champions League group stage[a],Qualification for Champions League,65.79,5.26,28.95,2.03,0.71,2.26
2008-09,3,Chelsea,38,25,8,5,68,24,44,83,Qualification for the Champions League group stage[a],Qualification for Champions League,65.79,13.16,21.05,1.79,0.63,2.18
2008-09,4,Arsenal,38,20,12,6,68,37,31,72,Qualification for the Champions League play-off round,Qualification for Champions League,52.63,15.79,31.58,1.79,0.97,1.89
2008-09,5,Everton,38,17,12,9,55,37,18,63,Qualification for the Europa League play-off round[a],Qualification for Europa League,44.74,23.68,31.58,1.45,0.97,1.66
2008-09,6,Aston Villa,38,17,11,10,54,48,6,62,Qualification for the Europa League play-off round[a],Qualification for Europa League,44.74,26.32,28.95,1.42,1.26,1.63
2008-09,7,Fulham,38,14,11,13,39,34,5,53,Qualification for the Europa League third qualifying round[a],Qualification for Europa League,36.84,34.21,28.95,1.03,0.89,1.39
2008-09,8,Tottenham Hotspur,38,14,9,15,45,45,0,51,Not Applicable,Not Applicable,36.84,39.47,23.68,1.18,1.18,1.34
2008-09,9,West Ham United,38,14,9,15,42,45,-3,51,Not Applicable,Not Applicable,36.84,39.47,23.68,1.11,1.18,1.34
2008-09,10,Manchester City,38,15,5,18,58,50,8,50,Not Applicable,Not Applicable,39.47,47.37,13.16,1.53,1.32,1.32
2008-09,11,Wigan Athletic,38,12,9,17,34,45,-11,45,Not Applicable,Not Applicable,31.58,44.74,23.68,0.89,1.18,1.18
2008-09,12,Stoke City,38,12,9,17,38,55,-17,45,Not Applicable,Not Applicable,31.58,44.74,23.68,1.0,1.45,1.18
2008-09,13,Bolton Wanderers,38,11,8,19,41,53,-12,41,Not Applicable,Not Applicable,28.95,50.0,21.05,1.08,1.39,1.08
2008-09,14,Portsmouth,38,10,11,17,38,57,-19,41,Not Applicable,Not Applicable,26.32,44.74,28.95,1.0,1.5,1.08
2008-09,15,Blackburn Rovers,38,10,11,17,40,60,-20,41,Not Applicable,Not Applicable,26.32,44.74,28.95,1.05,1.58,1.08
2008-09,16,Sunderland,38,9,9,20,34,54,-20,36,Not Applicable,Not Applicable,23.68,52.63,23.68,0.89,1.42,0.95
2008-09,17,Hull City,38,8,11,19,39,64,-25,35,Not Applicable,Not Applicable,21.05,50.0,28.95,1.03,1.68,0.92
2008-09,18,Newcastle United,38,7,13,18,40,59,-19,34,Relegation to the Football League Championship,Relegation,18.42,47.37,34.21,1.05,1.55,0.89
2008-09,19,Middlesbrough,38,7,11,20,28,57,-29,32,Relegation to the Football League Championship,Relegation,18.42,52.63,28.95,0.74,1.5,0.84
2008-09,20,West Bromwich Albion,38,8,8,22,36,67,-31,32,Relegation to the Football League Championship,Relegation,21.05,57.89,21.05,0.95,1.76,0.84
2009-10,1,Chelsea,38,27,5,6,103,32,71,86,Qualification for the Champions League group stage,Qualification for Champions League,71.05,15.79,13.16,2.71,0.84,2.26
2009-10,2,Manchester United,38,27,4,7,86,28,58,85,Qualification for the Champions League group stage,Qualification for Champions League,71.05,18.42,10.53,2.26,0.74,2.24
2009-10,3,Arsenal,38,23,6,9,83,41,42,75,Qualification for the Champions League group stage,Qualification for Champions League,60.53,23.68,15.79,2.18,1.08,1.97
2009-10,4,Tottenham Hotspur,38,21,7,10,67,41,26,70,Qualification for the Champions League play-off round,Qualification for Champions League,55.26,26.32,18.42,1.76,1.08,1.84
2009-10,5,Manchester City,38,18,13,7,73,45,28,67,Qualification for the Europa League play-off round[a],Qualification for Europa League,47.37,18.42,34.21,1.92,1.18,1.76
2009-10,6,Aston Villa,38,17,13,8,52,39,13,64,Qualification for the Europa League play-off round[a],Qualification for Europa League,44.74,21.05,34.21,1.37,1.03,1.68
2009-10,7,Liverpool,38,18,9,11,61,35,26,63,Qualification for the Europa League third qualifying round[b],Qualification for Europa League,47.37,28.95,23.68,1.61,0.92,1.66
2009-10,8,Everton,38,16,13,9,60,49,11,61,Not Applicable,Not Applicable,42.11,23.68,34.21,1.58,1.29,1.61
2009-10,9,Birmingham City,38,13,11,14,38,47,-9,50,Not Applicable,Not Applicable,34.21,36.84,28.95,1.0,1.24,1.32
2009-10,10,Blackburn Rovers,38,13,11,14,41,55,-14,50,Not Applicable,Not Applicable,34.21,36.84,28.95,1.08,1.45,1.32
2009-10,11,Stoke City,38,11,14,13,34,48,-14,47,Not Applicable,Not Applicable,28.95,34.21,36.84,0.89,1.26,1.24
2009-10,12,Fulham,38,12,10,16,39,46,-7,46,Not Applicable,Not Applicable,31.58,42.11,26.32,1.03,1.21,1.21
2009-10,13,Sunderland,38,11,11,16,48,56,-8,44,Not Applicable,Not Applicable,28.95,42.11,28.95,1.26,1.47,1.16
2009-10,14,Bolton Wanderers,38,10,9,19,42,67,-25,39,Not Applicable,Not Applicable,26.32,50.0,23.68,1.11,1.76,1.03
2009-10,15,Wolverhampton Wanderers,38,9,11,18,32,56,-24,38,Not Applicable,Not Applicable,23.68,47.37,28.95,0.84,1.47,1.0
2009-10,16,Wigan Athletic,38,9,9,20,37,79,-42,36,Not Applicable,Not Applicable,23.68,52.63,23.68,0.97,2.08,0.95
2009-10,17,West Ham United,38,8,11,19,47,66,-19,35,Not Applicable,Not Applicable,21.05,50.0,28.95,1.24,1.74,0.92
2009-10,18,Burnley,38,8,6,24,42,82,-40,30,Relegation to the Football League Championship,Relegation,21.05,63.16,15.79,1.11,2.16,0.79
2009-10,19,Hull City,38,6,12,20,34,75,-41,30,Relegation to the Football League Championship,Relegation,15.79,52.63,31.58,0.89,1.97,0.79
2009-10,20,Portsmouth,38,7,7,24,34,66,-32,19,Relegation to the Football League Championship,Relegation,18.42,63.16,18.42,0.89,1.74,0.5
2010-11,1,Manchester United,38,23,11,4,78,37,41,80,Qualification for the Champions League group stage,Qualification for Champions League,60.53,10.53,28.95,2.05,0.97,2.11
2010-11,2,Chelsea,38,21,8,9,69,33,36,71,Qualification for the Champions League group stage,Qualification for Champions League,55.26,23.68,21.05,1.82,0.87,1.87
2010-11,3,Manchester City,38,21,8,9,60,33,27,71,Qualification for the Champions League group stage,Qualification for Champions League,55.26,23.68,21.05,1.58,0.87,1.87
2010-11,4,Arsenal,38,19,11,8,72,43,29,68,Qualification for the Champions League play-off round,Qualification for Champions League,50.0,21.05,28.95,1.89,1.13,1.79
2010-11,5,Tottenham Hotspur,38,16,14,8,55,46,9,62,Qualification for the Europa League play-off round,Qualification for Europa League,42.11,21.05,36.84,1.45,1.21,1.63
2010-11,6,Liverpool,38,17,7,14,59,44,15,58,Not Applicable,Not Applicable,44.74,36.84,18.42,1.55,1.16,1.53
2010-11,7,Everton,38,13,15,10,51,45,6,54,Not Applicable,Not Applicable,34.21,26.32,39.47,1.34,1.18,1.42
2010-11,8,Fulham,38,11,16,11,49,43,6,49,Qualification for the Europa League first qualifying round[b],Qualification for Europa League (UEFA Cup),28.95,28.95,42.11,1.29,1.13,1.29
2010-11,9,Aston Villa,38,12,12,14,48,59,-11,48,Not Applicable,Not Applicable,31.58,36.84,31.58,1.26,1.55,1.26
2010-11,10,Sunderland,38,12,11,15,45,56,-11,47,Not Applicable,Not Applicable,31.58,39.47,28.95,1.18,1.47,1.24
2010-11,11,West Bromwich Albion,38,12,11,15,56,71,-15,47,Not Applicable,Not Applicable,31.58,39.47,28.95,1.47,1.87,1.24
2010-11,12,Newcastle United,38,11,13,14,56,57,-1,46,Not Applicable,Not Applicable,28.95,36.84,34.21,1.47,1.5,1.21
2010-11,13,Stoke City,38,13,7,18,46,48,-2,46,Qualification for the Europa League third qualifying round[c],Qualification for Europa League,34.21,47.37,18.42,1.21,1.26,1.21
2010-11,14,Bolton Wanderers,38,12,10,16,52,56,-4,46,Not Applicable,Not Applicable,31.58,42.11,26.32,1.37,1.47,1.21
2010-11,15,Blackburn Rovers,38,11,10,17,46,59,-13,43,Not Applicable,Not Applicable,28.95,44.74,26.32,1.21,1.55,1.13
2010-11,16,Wigan Athletic,38,9,15,14,40,61,-21,42,Not Applicable,Not Applicable,23.68,36.84,39.47,1.05,1.61,1.11
2010-11,17,Wolverhampton Wanderers,38,11,7,20,46,66,-20,40,Not Applicable,Not Applicable,28.95,52.63,18.42,1.21,1.74,1.05
2010-11,18,Birmingham City,38,8,15,15,37,58,-21,39,Qualification for the Europa League play-off round[a]Relegation to the Football League Championship,Relegation,21.05,39.47,39.47,0.97,1.53,1.03
2010-11,19,Blackpool,38,10,9,19,55,78,-23,39,Relegation to the Football League Championship,Relegation,26.32,50.0,23.68,1.45,2.05,1.03
2010-11,20,West Ham United,38,7,12,19,43,70,-27,33,Relegation to the Football League Championship,Relegation,18.42,50.0,31.58,1.13,1.84,0.87
2011-12,1,Manchester City,38,28,5,5,93,29,64,89,Qualification for the Champions League group stage,Qualification for Champions League,73.68,13.16,13.16,2.45,0.76,2.34
2011-12,2,Manchester United,38,28,5,5,89,33,56,89,Qualification for the Champions League group stage,Qualification for Champions League,73.68,13.16,13.16,2.34,0.87,2.34
2011-12,3,Arsenal,38,21,7,10,74,49,25,70,Qualification for the Champions League group stage,Qualification for Champions League,55.26,26.32,18.42,1.95,1.29,1.84
2011-12,4,Tottenham Hotspur,38,20,9,9,66,41,25,69,Qualification for the Europa League group stage[a],Qualification for Europa League,52.63,23.68,23.68,1.74,1.08,1.82
2011-12,5,Newcastle United,38,19,8,11,56,51,5,65,Qualification for the Europa League play-off round[a],Qualification for Europa League,50.0,28.95,21.05,1.47,1.34,1.71
2011-12,6,Chelsea,38,18,10,10,65,46,19,64,Qualification for the Champions League group stage[a],Qualification for Champions League,47.37,26.32,26.32,1.71,1.21,1.68
2011-12,7,Everton,38,15,11,12,50,40,10,56,Not Applicable,Not Applicable,39.47,31.58,28.95,1.32,1.05,1.47
2011-12,8,Liverpool,38,14,10,14,47,40,7,52,Qualification for the Europa League third qualifying round[b],Qualification for Europa League,36.84,36.84,26.32,1.24,1.05,1.37
2011-12,9,Fulham,38,14,10,14,48,51,-3,52,Not Applicable,Not Applicable,36.84,36.84,26.32,1.26,1.34,1.37
2011-12,10,West Bromwich Albion,38,13,8,17,45,52,-7,47,Not Applicable,Not Applicable,34.21,44.74,21.05,1.18,1.37,1.24
2011-12,11,Swansea City,38,12,11,15,44,51,-7,47,Not Applicable,Not Applicable,31.58,39.47,28.95,1.16,1.34,1.24
2011-12,12,Norwich City,38,12,11,15,52,66,-14,47,Not Applicable,Not Applicable,31.58,39.47,28.95,1.37,1.74,1.24
2011-12,13,Sunderland,38,11,12,15,45,46,-1,45,Not Applicable,Not Applicable,28.95,39.47,31.58,1.18,1.21,1.18
2011-12,14,Stoke City,38,11,12,15,36,53,-17,45,Not Applicable,Not Applicable,28.95,39.47,31.58,0.95,1.39,1.18
2011-12,15,Wigan Athletic,38,11,10,17,42,62,-20,43,Not Applicable,Not Applicable,28.95,44.74,26.32,1.11,1.63,1.13
2011-12,16,Aston Villa,38,7,17,14,37,53,-16,38,Not Applicable,Not Applicable,18.42,36.84,44.74,0.97,1.39,1.0
2011-12,17,Queens Park Rangers,38,10,7,21,43,66,-23,37,Not Applicable,Not Applicable,26.32,55.26,18.42,1.13,1.74,0.97
2011-12,18,Bolton Wanderers,38,10,6,22,46,77,-31,36,Relegation to the Football League Championship,Relegation,26.32,57.89,15.79,1.21,2.03,0.95
2011-12,19,Blackburn Rovers,38,8,7,23,48,78,-30,31,Relegation to the Football League Championship,Relegation,21.05,60.53,18.42,1.26,2.05,0.82
2011-12,20,Wolverhampton Wanderers,38,5,10,23,40,82,-42,25,Relegation to the Football League Championship,Relegation,13.16,60.53,26.32,1.05,2.16,0.66
2012-13,1,Manchester United,38,28,5,5,86,43,43,89,Qualification for the Champions League group stage[a],Qualification for Champions League,73.68,13.16,13.16,2.26,1.13,2.34
2012-13,2,Manchester City,38,23,9,6,66,34,32,78,Qualification for the Champions League group stage[a],Qualification for Champions League,60.53,15.79,23.68,1.74,0.89,2.05
2012-13,3,Chelsea,38,22,9,7,75,39,36,75,Qualification for the Champions League group stage[a],Qualification for Champions League,57.89,18.42,23.68,1.97,1.03,1.97
2012-13,4,Arsenal,38,21,10,7,72,37,35,73,Qualification for the Champions League play-off round,Qualification for Champions League,55.26,18.42,26.32,1.89,0.97,1.92
2012-13,5,Tottenham Hotspur,38,21,9,8,66,46,20,72,Qualification for the Europa League play-off round,Qualification for Europa League,55.26,21.05,23.68,1.74,1.21,1.89
2012-13,6,Everton,38,16,15,7,55,40,15,63,Not Applicable,Not Applicable,42.11,18.42,39.47,1.45,1.05,1.66
2012-13,7,Liverpool,38,16,13,9,71,43,28,61,Not Applicable,Not Applicable,42.11,23.68,34.21,1.87,1.13,1.61
2012-13,8,West Bromwich Albion,38,14,7,17,53,57,-4,49,Not Applicable,Not Applicable,36.84,44.74,18.42,1.39,1.5,1.29
2012-13,9,Swansea City,38,11,13,14,47,51,-4,46,Qualification for the Europa League third qualifying round[c],Qualification for Europa League,28.95,36.84,34.21,1.24,1.34,1.21
2012-13,10,West Ham United,38,12,10,16,45,53,-8,46,Not Applicable,Not Applicable,31.58,42.11,26.32,1.18,1.39,1.21
2012-13,11,Norwich City,38,10,14,14,41,58,-17,44,Not Applicable,Not Applicable,26.32,36.84,36.84,1.08,1.53,1.16
2012-13,12,Fulham,38,11,10,17,50,60,-10,43,Not Applicable,Not Applicable,28.95,44.74,26.32,1.32,1.58,1.13
2012-13,13,Stoke City,38,9,15,14,34,45,-11,42,Not Applicable,Not Applicable,23.68,36.84,39.47,0.89,1.18,1.11
2012-13,14,Southampton,38,9,14,15,49,60,-11,41,Not Applicable,Not Applicable,23.68,39.47,36.84,1.29,1.58,1.08
2012-13,15,Aston Villa,38,10,11,17,47,69,-22,41,Not Applicable,Not Applicable,26.32,44.74,28.95,1.24,1.82,1.08
2012-13,16,Newcastle United,38,11,8,19,45,68,-23,41,Not Applicable,Not Applicable,28.95,50.0,21.05,1.18,1.79,1.08
2012-13,17,Sunderland,38,9,12,17,41,54,-13,39,Not Applicable,Not Applicable,23.68,44.74,31.58,1.08,1.42,1.03
2012-13,18,Wigan Athletic,38,9,9,20,47,73,-26,36,Qualification for the Europa League group stage[b]Relegation to the Football League Championship,Relegation,23.68,52.63,23.68,1.24,1.92,0.95
2012-13,19,Reading,38,6,10,22,43,73,-30,28,Relegation to the Football League Championship,Relegation,15.79,57.89,26.32,1.13,1.92,0.74
2012-13,20,Queens Park Rangers,38,4,13,21,30,60,-30,25,Relegation to the Football League Championship,Relegation,10.53,55.26,34.21,0.79,1.58,0.66
2013-14,1,Manchester City,38,27,5,6,102,37,65,86,Qualification for the Champions League group stage,Qualification for Champions League,71.05,15.79,13.16,2.68,0.97,2.26
2013-14,2,Liverpool,38,26,6,6,101,50,51,84,Qualification for the Champions League group stage,Qualification for Champions League,68.42,15.79,15.79,2.66,1.32,2.21
2013-14,3,Chelsea,38,25,7,6,71,27,44,82,Qualification for the Champions League group stage,Qualification for Champions League,65.79,15.79,18.42,1.87,0.71,2.16
2013-14,4,Arsenal,38,24,7,7,68,41,27,79,Qualification for the Champions League play-off round,Qualification for Champions League,63.16,18.42,18.42,1.79,1.08,2.08
2013-14,5,Everton,38,21,9,8,61,39,22,72,Qualification for the Europa League group stage,Qualification for Europa League,55.26,21.05,23.68,1.61,1.03,1.89
2013-14,6,Tottenham Hotspur,38,21,6,11,55,51,4,69,Qualification for the Europa League play-off round[a],Qualification for Europa League,55.26,28.95,15.79,1.45,1.34,1.82
2013-14,7,Manchester United,38,19,7,12,64,43,21,64,Not Applicable,Not Applicable,50.0,31.58,18.42,1.68,1.13,1.68
2013-14,8,Southampton,38,15,11,12,54,46,8,56,Not Applicable,Not Applicable,39.47,31.58,28.95,1.42,1.21,1.47
2013-14,9,Stoke City,38,13,11,14,45,52,-7,50,Not Applicable,Not Applicable,34.21,36.84,28.95,1.18,1.37,1.32
2013-14,10,Newcastle United,38,15,4,19,43,59,-16,49,Not Applicable,Not Applicable,39.47,50.0,10.53,1.13,1.55,1.29
2013-14,11,Crystal Palace,38,13,6,19,33,48,-15,45,Not Applicable,Not Applicable,34.21,50.0,15.79,0.87,1.26,1.18
2013-14,12,Swansea City,38,11,9,18,54,54,0,42,Not Applicable,Not Applicable,28.95,47.37,23.68,1.42,1.42,1.11
2013-14,13,West Ham United,38,11,7,20,40,51,-11,40,Not Applicable,Not Applicable,28.95,52.63,18.42,1.05,1.34,1.05
2013-14,14,Sunderland,38,10,8,20,41,60,-19,38,Not Applicable,Not Applicable,26.32,52.63,21.05,1.08,1.58,1.0
2013-14,15,Aston Villa,38,10,8,20,39,61,-22,38,Not Applicable,Not Applicable,26.32,52.63,21.05,1.03,1.61,1.0
2013-14,16,Hull City,38,10,7,21,38,53,-15,37,Qualification for the Europa League third qualifying round[b],Qualification for Europa League,26.32,55.26,18.42,1.0,1.39,0.97
2013-14,17,West Bromwich Albion,38,7,15,16,43,59,-16,36,Not Applicable,Not Applicable,18.42,42.11,39.47,1.13,1.55,0.95
2013-14,18,Norwich City,38,8,9,21,28,62,-34,33,Relegation to the Football League Championship,Relegation,21.05,55.26,23.68,0.74,1.63,0.87
2013-14,19,Fulham,38,9,5,24,40,85,-45,32,Relegation to the Football League Championship,Relegation,23.68,63.16,13.16,1.05,2.24,0.84
2013-14,20,Cardiff City,38,7,9,22,32,74,-42,30,Relegation to the Football League Championship,Relegation,18.42,57.89,23.68,0.84,1.95,0.79
2014-15,1,Chelsea,38,26,9,3,73,32,41,87,Qualification for the Champions League group stage,Qualification for Champions League,68.42,7.89,23.68,1.92,0.84,2.29
2014-15,2,Manchester City,38,24,7,7,83,38,45,79,Qualification for the Champions League group stage,Qualification for Champions League,63.16,18.42,18.42,2.18,1.0,2.08
2014-15,3,Arsenal,38,22,9,7,71,36,35,75,Qualification for the Champions League group stage,Qualification for Champions League,57.89,18.42,23.68,1.87,0.95,1.97
2014-15,4,Manchester United,38,20,10,8,62,37,25,70,Qualification for the Champions League play-off round,Qualification for Champions League,52.63,21.05,26.32,1.63,0.97,1.84
2014-15,5,Tottenham Hotspur,38,19,7,12,58,53,5,64,Qualification for the Europa League group stage[a],Qualification for Europa League,50.0,31.58,18.42,1.53,1.39,1.68
2014-15,6,Liverpool,38,18,8,12,52,48,4,62,Qualification for the Europa League group stage[a],Qualification for Europa League,47.37,31.58,21.05,1.37,1.26,1.63
2014-15,7,Southampton,38,18,6,14,54,33,21,60,Qualification for the Europa League third qualifying round[a],Qualification for Europa League,47.37,36.84,15.79,1.42,0.87,1.58
2014-15,8,Swansea City,38,16,8,14,46,49,-3,56,Not Applicable,Not Applicable,42.11,36.84,21.05,1.21,1.29,1.47
2014-15,9,Stoke City,38,15,9,14,48,45,3,54,Not Applicable,Not Applicable,39.47,36.84,23.68,1.26,1.18,1.42
2014-15,10,Crystal Palace,38,13,9,16,47,51,-4,48,Not Applicable,Not Applicable,34.21,42.11,23.68,1.24,1.34,1.26
2014-15,11,Everton,38,12,11,15,48,50,-2,47,Not Applicable,Not Applicable,31.58,39.47,28.95,1.26,1.32,1.24
2014-15,12,West Ham United,38,12,11,15,44,47,-3,47,Qualification for the Europa League first qualifying round[b],Qualification for Europa League (UEFA Cup),31.58,39.47,28.95,1.16,1.24,1.24
2014-15,13,West Bromwich Albion,38,11,11,16,38,51,-13,44,Not Applicable,Not Applicable,28.95,42.11,28.95,1.0,1.34,1.16
2014-15,14,Leicester City,38,11,8,19,46,55,-9,41,Not Applicable,Not Applicable,28.95,50.0,21.05,1.21,1.45,1.08
2014-15,15,Newcastle United,38,10,9,19,40,63,-23,39,Not Applicable,Not Applicable,26.32,50.0,23.68,1.05,1.66,1.03
2014-15,16,Sunderland,38,7,17,14,31,53,-22,38,Not Applicable,Not Applicable,18.42,36.84,44.74,0.82,1.39,1.0
2014-15,17,Aston Villa,38,10,8,20,31,57,-26,38,Not Applicable,Not Applicable,26.32,52.63,21.05,0.82,1.5,1.0
2014-15,18,Hull City,38,8,11,19,33,51,-18,35,Relegation to the Football League Championship,Relegation,21.05,50.0,28.95,0.87,1.34,0.92
2014-15,19,Burnley,38,7,12,19,28,53,-25,33,Relegation to the Football League Championship,Relegation,18.42,50.0,31.58,0.74,1.39,0.87
2014-15,20,Queens Park Rangers,38,8,6,24,42,73,-31,30,Relegation to the Football League Championship,Relegation,21.05,63.16,15.79,1.11,1.92,0.79
2015-16,1,Leicester City,38,23,12,3,68,36,32,81,Qualification for the Champions League group stage,Qualification for Champions League,60.53,7.89,31.58,1.79,0.95,2.13
2015-16,2,Arsenal,38,20,11,7,65,36,29,71,Qualification for the Champions League group stage,Qualification for Champions League,52.63,18.42,28.95,1.71,0.95,1.87
2015-16,3,Tottenham Hotspur,38,19,13,6,69,35,34,70,Qualification for the Champions League group stage,Qualification for Champions League,50.0,15.79,34.21,1.82,0.92,1.84
2015-16,4,Manchester City,38,19,9,10,71,41,30,66,Qualification for the Champions League play-off round,Qualification for Champions League,50.0,26.32,23.68,1.87,1.08,1.74
2015-16,5,Manchester United,38,19,9,10,49,35,14,66,Qualification for the Europa League group stage[a],Qualification for Europa League,50.0,26.32,23.68,1.29,0.92,1.74
2015-16,6,Southampton,38,18,9,11,59,41,18,63,Qualification for the Europa League group stage[a],Qualification for Europa League,47.37,28.95,23.68,1.55,1.08,1.66
2015-16,7,West Ham United,38,16,14,8,65,51,14,62,Qualification for the Europa League third qualifying round[b],Qualification for Europa League,42.11,21.05,36.84,1.71,1.34,1.63
2015-16,8,Liverpool,38,16,12,10,63,50,13,60,Not Applicable,Not Applicable,42.11,26.32,31.58,1.66,1.32,1.58
2015-16,9,Stoke City,38,14,9,15,41,55,-14,51,Not Applicable,Not Applicable,36.84,39.47,23.68,1.08,1.45,1.34
2015-16,10,Chelsea,38,12,14,12,59,53,6,50,Not Applicable,Not Applicable,31.58,31.58,36.84,1.55,1.39,1.32
2015-16,11,Everton,38,11,14,13,59,55,4,47,Not Applicable,Not Applicable,28.95,34.21,36.84,1.55,1.45,1.24
2015-16,12,Swansea City,38,12,11,15,42,52,-10,47,Not Applicable,Not Applicable,31.58,39.47,28.95,1.11,1.37,1.24
2015-16,13,Watford,38,12,9,17,40,50,-10,45,Not Applicable,Not Applicable,31.58,44.74,23.68,1.05,1.32,1.18
2015-16,14,West Bromwich Albion,38,10,13,15,34,48,-14,43,Not Applicable,Not Applicable,26.32,39.47,34.21,0.89,1.26,1.13
2015-16,15,Crystal Palace,38,11,9,18,39,51,-12,42,Not Applicable,Not Applicable,28.95,47.37,23.68,1.03,1.34,1.11
2015-16,16,Bournemouth,38,11,9,18,45,67,-22,42,Not Applicable,Not Applicable,28.95,47.37,23.68,1.18,1.76,1.11
2015-16,17,Sunderland,38,9,12,17,48,62,-14,39,Not Applicable,Not Applicable,23.68,44.74,31.58,1.26,1.63,1.03
2015-16,18,Newcastle United,38,9,10,19,44,65,-21,37,Relegation to the EFL Championship,Relegation,23.68,50.0,26.32,1.16,1.71,0.97
2015-16,19,Norwich City,38,9,7,22,39,67,-28,34,Relegation to the EFL Championship,Relegation,23.68,57.89,18.42,1.03,1.76,0.89
2015-16,20,Aston Villa,38,3,8,27,27,76,-49,17,Relegation to the EFL Championship,Relegation,7.89,71.05,21.05,0.71,2.0,0.45
2016-17,1,Chelsea,38,30,3,5,85,33,52,93,Qualification for the Champions League group stage,Qualification for Champions League,78.95,13.16,7.89,2.24,0.87,2.45
2016-17,2,Tottenham Hotspur,38,26,8,4,86,26,60,86,Qualification for the Champions League group stage,Qualification for Champions League,68.42,10.53,21.05,2.26,0.68,2.26
2016-17,3,Manchester City,38,23,9,6,80,39,41,78,Qualification for the Champions League group stage,Qualification for Champions League,60.53,15.79,23.68,2.11,1.03,2.05
2016-17,4,Liverpool,38,22,10,6,78,42,36,76,Qualification for the Champions League play-off round,Qualification for Champions League,57.89,15.79,26.32,2.05,1.11,2.0
2016-17,5,Arsenal,38,23,6,9,77,44,33,75,Qualification for the Europa League group stage[a],Qualification for Europa League,60.53,23.68,15.79,2.03,1.16,1.97
2016-17,6,Manchester United,38,18,15,5,54,29,25,69,Qualification for the Champions League group stage[b],Qualification for Champions League,47.37,13.16,39.47,1.42,0.76,1.82
2016-17,7,Everton,38,17,10,11,62,44,18,61,Qualification for the Europa League third qualifying round[c],Qualification for Europa League,44.74,28.95,26.32,1.63,1.16,1.61
2016-17,8,Southampton,38,12,10,16,41,48,-7,46,Not Applicable,Not Applicable,31.58,42.11,26.32,1.08,1.26,1.21
2016-17,9,Bournemouth,38,12,10,16,55,67,-12,46,Not Applicable,Not Applicable,31.58,42.11,26.32,1.45,1.76,1.21
2016-17,10,West Bromwich Albion,38,12,9,17,43,51,-8,45,Not Applicable,Not Applicable,31.58,44.74,23.68,1.13,1.34,1.18
2016-17,11,West Ham United,38,12,9,17,47,64,-17,45,Not Applicable,Not Applicable,31.58,44.74,23.68,1.24,1.68,1.18
2016-17,12,Leicester City,38,12,8,18,48,63,-15,44,Not Applicable,Not Applicable,31.58,47.37,21.05,1.26,1.66,1.16
2016-17,13,Stoke City,38,11,11,16,41,56,-15,44,Not Applicable,Not Applicable,28.95,42.11,28.95,1.08,1.47,1.16
2016-17,14,Crystal Palace,38,12,5,21,50,63,-13,41,Not Applicable,Not Applicable,31.58,55.26,13.16,1.32,1.66,1.08
2016-17,15,Swansea City,38,12,5,21,45,70,-25,41,Not Applicable,Not Applicable,31.58,55.26,13.16,1.18,1.84,1.08
2016-17,16,Burnley,38,11,7,20,39,55,-16,40,Not Applicable,Not Applicable,28.95,52.63,18.42,1.03,1.45,1.05
2016-17,17,Watford,38,11,7,20,40,68,-28,40,Not Applicable,Not Applicable,28.95,52.63,18.42,1.05,1.79,1.05
2016-17,18,Hull City,38,9,7,22,37,80,-43,34,Relegation to the EFL Championship,Relegation,23.68,57.89,18.42,0.97,2.11,0.89
2016-17,19,Middlesbrough,38,5,13,20,27,53,-26,28,Relegation to the EFL Championship,Relegation,13.16,52.63,34.21,0.71,1.39,0.74
2016-17,20,Sunderland,38,6,6,26,29,69,-40,24,Relegation to the EFL Championship,Relegation,15.79,68.42,15.79,0.76,1.82,0.63
2017-18,1,Manchester City,38,32,4,2,106,27,79,100,Qualification for the Champions League group stage,Qualification for Champions League,84.21,5.26,10.53,2.79,0.71,2.63
2017-18,2,Manchester United,38,25,6,7,68,28,40,81,Qualification for the Champions League group stage,Qualification for Champions League,65.79,18.42,15.79,1.79,0.74,2.13
2017-18,3,Tottenham Hotspur,38,23,8,7,74,36,38,77,Qualification for the Champions League group stage,Qualification for Champions League,60.53,18.42,21.05,1.95,0.95,2.03
2017-18,4,Liverpool,38,21,12,5,84,38,46,75,Qualification for the Champions League group stage,Qualification for Champions League,55.26,13.16,31.58,2.21,1.0,1.97
2017-18,5,Chelsea,38,21,7,10,62,38,24,70,Qualification for the Europa League group stage[a],Qualification for Europa League,55.26,26.32,18.42,1.63,1.0,1.84
2017-18,6,Arsenal,38,19,6,13,74,51,23,63,Qualification for the Europa League group stage[a],Qualification for Europa League,50.0,34.21,15.79,1.95,1.34,1.66
2017-18,7,Burnley,38,14,12,12,36,39,-3,54,Qualification for the Europa League second qualifying round[a],Qualification for Europa League (UEFA Cup),36.84,31.58,31.58,0.95,1.03,1.42
2017-18,8,Everton,38,13,10,15,44,58,-14,49,Not Applicable,Not Applicable,34.21,39.47,26.32,1.16,1.53,1.29
2017-18,9,Leicester City,38,12,11,15,56,60,-4,47,Not Applicable,Not Applicable,31.58,39.47,28.95,1.47,1.58,1.24
2017-18,10,Newcastle United,38,12,8,18,39,47,-8,44,Not Applicable,Not Applicable,31.58,47.37,21.05,1.03,1.24,1.16
2017-18,11,Crystal Palace,38,11,11,16,45,55,-10,44,Not Applicable,Not Applicable,28.95,42.11,28.95,1.18,1.45,1.16
2017-18,12,Bournemouth,38,11,11,16,45,61,-16,44,Not Applicable,Not Applicable,28.95,42.11,28.95,1.18,1.61,1.16
2017-18,13,West Ham United,38,10,12,16,48,68,-20,42,Not Applicable,Not Applicable,26.32,42.11,31.58,1.26,1.79,1.11
2017-18,14,Watford,38,11,8,19,44,64,-20,41,Not Applicable,Not Applicable,28.95,50.0,21.05,1.16,1.68,1.08
2017-18,15,Brighton & Hove Albion,38,9,13,16,34,54,-20,40,Not Applicable,Not Applicable,23.68,42.11,34.21,0.89,1.42,1.05
2017-18,16,Huddersfield Town,38,9,10,19,28,58,-30,37,Not Applicable,Not Applicable,23.68,50.0,26.32,0.74,1.53,0.97
2017-18,17,Southampton,38,7,15,16,37,56,-19,36,Not Applicable,Not Applicable,18.42,42.11,39.47,0.97,1.47,0.95
2017-18,18,Swansea City,38,8,9,21,28,56,-28,33,Relegation to the EFL Championship,Relegation,21.05,55.26,23.68,0.74,1.47,0.87
2017-18,19,Stoke City,38,7,12,19,35,68,-33,33,Relegation to the EFL Championship,Relegation,18.42,50.0,31.58,0.92,1.79,0.87
2017-18,20,West Bromwich Albion,38,6,13,19,31,56,-25,31,Relegation to the EFL Championship,Relegation,15.79,50.0,34.21,0.82,1.47,0.82
2018-19,1,Manchester City,38,32,2,4,95,23,72,98,Qualification for the Champions League group stage,Qualification for Champions League,84.21,10.53,5.26,2.5,0.61,2.58
2018-19,2,Liverpool,38,30,7,1,89,22,67,97,Qualification for the Champions League group stage,Qualification for Champions League,78.95,2.63,18.42,2.34,0.58,2.55
2018-19,3,Chelsea,38,21,9,8,63,39,24,72,Qualification for the Champions League group stage,Qualification for Champions League,55.26,21.05,23.68,1.66,1.03,1.89
2018-19,4,Tottenham Hotspur,38,23,2,13,67,39,28,71,Qualification for the Champions League group stage,Qualification for Champions League,60.53,34.21,5.26,1.76,1.03,1.87
2018-19,5,Arsenal,38,21,7,10,73,51,22,70,Qualification for the Europa League group stage[a],Qualification for Europa League,55.26,26.32,18.42,1.92,1.34,1.84
2018-19,6,Manchester United,38,19,9,10,65,54,11,66,Qualification for the Europa League group stage[a],Qualification for Europa League,50.0,26.32,23.68,1.71,1.42,1.74
2018-19,7,Wolverhampton Wanderers,38,16,9,13,47,46,1,57,Qualification for the Europa League second qualifying round[a],Qualification for Europa League (UEFA Cup),42.11,34.21,23.68,1.24,1.21,1.5
2018-19,8,Everton,38,15,9,14,54,46,8,54,Not Applicable,Not Applicable,39.47,36.84,23.68,1.42,1.21,1.42
2018-19,9,Leicester City,38,15,7,16,51,48,3,52,Not Applicable,Not Applicable,39.47,42.11,18.42,1.34,1.26,1.37
2018-19,10,West Ham United,38,15,7,16,52,55,-3,52,Not Applicable,Not Applicable,39.47,42.11,18.42,1.37,1.45,1.37
2018-19,11,Watford,38,14,8,16,52,59,-7,50,Not Applicable,Not Applicable,36.84,42.11,21.05,1.37,1.55,1.32
2018-19,12,Crystal Palace,38,14,7,17,51,53,-2,49,Not Applicable,Not Applicable,36.84,44.74,18.42,1.34,1.39,1.29
2018-19,13,Newcastle United,38,12,9,17,42,48,-6,45,Not Applicable,Not Applicable,31.58,44.74,23.68,1.11,1.26,1.18
2018-19,14,Bournemouth,38,13,6,19,56,70,-14,45,Not Applicable,Not Applicable,34.21,50.0,15.79,1.47,1.84,1.18
2018-19,15,Burnley,38,11,7,20,45,68,-23,40,Not Applicable,Not Applicable,28.95,52.63,18.42,1.18,1.79,1.05
2018-19,16,Southampton,38,9,12,17,45,65,-20,39,Not Applicable,Not Applicable,23.68,44.74,31.58,1.18,1.71,1.03
2018-19,17,Brighton & Hove Albion,38,9,9,20,35,60,-25,36,Not Applicable,Not Applicable,23.68,52.63,23.68,0.92,1.58,0.95
2018-19,18,Cardiff City,38,10,4,24,34,69,-35,34,Relegation to the EFL Championship,Relegation,26.32,63.16,10.53,0.89,1.82,0.89
2018-19,19,Fulham,38,7,5,26,34,81,-47,26,Relegation to the EFL Championship,Relegation,18.42,68.42,13.16,0.89,2.13,0.68
2018-19,20,Huddersfield Town,38,3,7,28,22,76,-54,16,Relegation to the EFL Championship,Relegation,7.89,73.68,18.42,0.58,2.0,0.42
2019-20,1,Liverpool,38,32,3,3,85,33,52,99,Qualification for the Champions League group stage,Qualification for Champions League,84.21,7.89,7.89,2.24,0.87,2.61
2019-20,2,Manchester City,38,26,3,9,102,35,67,81,Qualification for the Champions League group stage,Qualification for Champions League,68.42,23.68,7.89,2.68,0.92,2.13
2019-20,3,Manchester United,38,18,12,8,66,36,30,66,Qualification for the Champions League group stage,Qualification for Champions League,47.37,21.05,31.58,1.74,0.95,1.74
2019-20,4,Chelsea,38,20,6,12,69,54,15,66,Qualification for the Champions League group stage,Qualification for Champions League,52.63,31.58,15.79,1.82,1.42,1.74
2019-20,5,Leicester City,38,18,8,12,67,41,26,62,Qualification for the Europa League group stage,Qualification for Europa League,47.37,31.58,21.05,1.76,1.08,1.63
2019-20,6,Tottenham Hotspur,38,16,11,11,61,47,14,59,Qualification for the Europa League second qualifying round[a],Qualification for Europa League (UEFA Cup),42.11,28.95,28.95,1.61,1.24,1.55
2019-20,7,Wolverhampton Wanderers,38,15,14,9,51,40,11,59,Not Applicable,Not Applicable,39.47,23.68,36.84,1.34,1.05,1.55
2019-20,8,Arsenal,38,14,14,10,56,48,8,56,Qualification for the Europa League group stage[b],Qualification for Europa League,36.84,26.32,36.84,1.47,1.26,1.47
2019-20,9,Sheffield United,38,14,12,12,39,39,0,54,Not Applicable,Not Applicable,36.84,31.58,31.58,1.03,1.03,1.42
2019-20,10,Burnley,38,15,9,14,43,50,-7,54,Not Applicable,Not Applicable,39.47,36.84,23.68,1.13,1.32,1.42
2019-20,11,Southampton,38,15,7,16,51,60,-9,52,Not Applicable,Not Applicable,39.47,42.11,18.42,1.34,1.58,1.37
2019-20,12,Everton,38,13,10,15,44,56,-12,49,Not Applicable,Not Applicable,34.21,39.47,26.32,1.16,1.47,1.29
2019-20,13,Newcastle United,38,11,11,16,38,58,-20,44,Not Applicable,Not Applicable,28.95,42.11,28.95,1.0,1.53,1.16
2019-20,14,Crystal Palace,38,11,10,17,31,50,-19,43,Not Applicable,Not Applicable,28.95,44.74,26.32,0.82,1.32,1.13
2019-20,15,Brighton & Hove Albion,38,9,14,15,39,54,-15,41,Not Applicable,Not Applicable,23.68,39.47,36.84,1.03,1.42,1.08
2019-20,16,West Ham United,38,10,9,19,49,62,-13,39,Not Applicable,Not Applicable,26.32,50.0,23.68,1.29,1.63,1.03
2019-20,17,Aston Villa,38,9,8,21,41,67,-26,35,Not Applicable,Not Applicable,23.68,55.26,21.05,1.08,1.76,0.92
2019-20,18,Bournemouth,38,9,7,22,40,65,-25,34,Relegation to the EFL Championship,Relegation,23.68,57.89,18.42,1.05,1.71,0.89
2019-20,19,Watford,38,8,10,20,36,64,-28,34,Relegation to the EFL Championship,Relegation,21.05,52.63,26.32,0.95,1.68,0.89
2019-20,20,Norwich City,38,5,6,27,26,75,-49,21,Relegation to the EFL Championship,Relegation,13.16,71.05,15.79,0.68,1.97,0.55
2020-21,1,Manchester City,38,27,5,6,83,32,51,86,Qualification for the Champions League group stage,Qualification for Champions League,71.05,15.79,13.16,2.18,0.84,2.26
2020-21,2,Manchester United,38,21,11,6,73,44,29,74,Qualification for the Champions League group stage,Qualification for Champions League,55.26,15.79,28.95,1.92,1.16,1.95
2020-21,3,Liverpool,38,20,9,9,68,42,26,69,Qualification for the Champions League group stage,Qualification for Champions League,52.63,23.68,23.68,1.79,1.11,1.82
2020-21,4,Chelsea,38,19,10,9,58,36,22,67,Qualification for the Champions League group stage,Qualification for Champions League,50.0,23.68,26.32,1.53,0.95,1.76
2020-21,5,Leicester City,38,20,6,12,68,50,18,66,Qualification for the Europa League group stage[a],Qualification for Europa League,52.63,31.58,15.79,1.79,1.32,1.74
2020-21,6,West Ham United,38,19,8,11,62,47,15,65,Qualification for the Europa League group stage[a],Qualification for Europa League,50.0,28.95,21.05,1.63,1.24,1.71
2020-21,7,Tottenham Hotspur,38,18,8,12,68,45,23,62,Qualification for the Europa Conference League play-off round[b],Qualification for Europa Conference League,47.37,31.58,21.05,1.79,1.18,1.63
2020-21,8,Arsenal,38,18,7,13,55,39,16,61,Not Applicable,Not Applicable,47.37,34.21,18.42,1.45,1.03,1.61
2020-21,9,Leeds United,38,18,5,15,62,54,8,59,Not Applicable,Not Applicable,47.37,39.47,13.16,1.63,1.42,1.55
2020-21,10,Everton,38,17,8,13,47,48,-1,59,Not Applicable,Not Applicable,44.74,34.21,21.05,1.24,1.26,1.55
2020-21,11,Aston Villa,38,16,7,15,55,46,9,55,Not Applicable,Not Applicable,42.11,39.47,18.42,1.45,1.21,1.45
2020-21,12,Newcastle United,38,12,9,17,46,62,-16,45,Not Applicable,Not Applicable,31.58,44.74,23.68,1.21,1.63,1.18
2020-21,13,Wolverhampton Wanderers,38,12,9,17,36,52,-16,45,Not Applicable,Not Applicable,31.58,44.74,23.68,0.95,1.37,1.18
2020-21,14,Crystal Palace,38,12,8,18,41,66,-25,44,Not Applicable,Not Applicable,31.58,47.37,21.05,1.08,1.74,1.16
2020-21,15,Southampton,38,12,7,19,47,68,-21,43,Not Applicable,Not Applicable,31.58,50.0,18.42,1.24,1.79,1.13
2020-21,16,Brighton & Hove Albion,38,9,14,15,40,46,-6,41,Not Applicable,Not Applicable,23.68,39.47,36.84,1.05,1.21,1.08
2020-21,17,Burnley,38,10,9,19,33,55,-22,39,Not Applicable,Not Applicable,26.32,50.0,23.68,0.87,1.45,1.03
2020-21,18,Fulham,38,5,13,20,27,53,-26,28,Relegation to the EFL Championship,Relegation,13.16,52.63,34.21,0.71,1.39,0.74
2020-21,19,West Bromwich Albion,38,5,11,22,35,76,-41,26,Relegation to the EFL Championship,Relegation,13.16,57.89,28.95,0.92,2.0,0.68
2020-21,20,Sheffield United,38,7,2,29,20,63,-43,23,Relegation to the EFL Championship,Relegation,18.42,76.32,5.26,0.53,1.66,0.61
2021-22,1,Manchester City,38,29,6,3,99,26,73,93,Qualification for the Champions League group stage,Qualification for Champions League,76.32,7.89,15.79,2.61,0.68,2.45
2021-22,2,Liverpool,38,28,8,2,94,26,68,92,Qualification for the Champions League group stage,Qualification for Champions League,73.68,5.26,21.05,2.47,0.68,2.42
2021-22,3,Chelsea,38,21,11,6,76,33,43,74,Qualification for the Champions League group stage,Qualification for Champions League,55.26,15.79,28.95,2.0,0.87,1.95
2021-22,4,Tottenham Hotspur,38,22,5,11,69,40,29,71,Qualification for the Champions League group stage,Qualification for Champions League,57.89,28.95,13.16,1.82,1.05,1.87
2021-22,5,Arsenal,38,22,3,13,61,48,13,69,Qualification for the Europa League group stage[a],Qualification for Europa League,57.89,34.21,7.89,1.61,1.26,1.82
2021-22,6,Manchester United,38,16,10,12,57,57,0,58,Qualification for the Europa League group stage[a],Qualification for Europa League,42.11,31.58,26.32,1.5,1.5,1.53
2021-22,7,West Ham United,38,16,8,14,60,51,9,56,Qualification for the Europa Conference League play-off round[a],Qualification for Europa Conference League,42.11,36.84,21.05,1.58,1.34,1.47
2021-22,8,Leicester City,38,14,10,14,62,59,3,52,Not Applicable,Not Applicable,36.84,36.84,26.32,1.63,1.55,1.37
2021-22,9,Brighton & Hove Albion,38,12,15,11,42,44,-2,51,Not Applicable,Not Applicable,31.58,28.95,39.47,1.11,1.16,1.34
2021-22,10,Wolverhampton Wanderers,38,15,6,17,38,43,-5,51,Not Applicable,Not Applicable,39.47,44.74,15.79,1.0,1.13,1.34
2021-22,11,Newcastle United,38,13,10,15,44,62,-18,49,Not Applicable,Not Applicable,34.21,39.47,26.32,1.16,1.63,1.29
2021-22,12,Crystal Palace,38,11,15,12,50,46,4,48,Not Applicable,Not Applicable,28.95,31.58,39.47,1.32,1.21,1.26
2021-22,13,Brentford,38,13,7,18,48,56,-8,46,Not Applicable,Not Applicable,34.21,47.37,18.42,1.26,1.47,1.21
2021-22,14,Aston Villa,38,13,6,19,52,54,-2,45,Not Applicable,Not Applicable,34.21,50.0,15.79,1.37,1.42,1.18
2021-22,15,Southampton,38,9,13,16,43,67,-24,40,Not Applicable,Not Applicable,23.68,42.11,34.21,1.13,1.76,1.05
2021-22,16,Everton,38,11,6,21,43,66,-23,39,Not Applicable,Not Applicable,28.95,55.26,15.79,1.13,1.74,1.03
2021-22,17,Leeds United,38,9,11,18,42,79,-37,38,Not Applicable,Not Applicable,23.68,47.37,28.95,1.11,2.08,1.0
2021-22,18,Burnley,38,7,14,17,34,53,-19,35,Relegation to the EFL Championship,Relegation,18.42,44.74,36.84,0.89,1.39,0.92
2021-22,19,Watford,38,6,5,27,34,77,-43,23,Relegation to the EFL Championship,Relegation,15.79,71.05,13.16,0.89,2.03,0.61
2021-22,20,Norwich City,38,5,7,26,23,84,-61,22,Relegation to the EFL Championship,Relegation,13.16,68.42,18.42,0.61,2.21,0.58
